<?xml version="1.0" encoding="UTF-8" standalone="no"?>
<project>
	<configuration id="net.sourceforge.usbdm.cdt.arm.windows.debug.configuration.1927095798" name="Debug">
		<extension point="org.eclipse.cdt.core.LanguageSettingsProvider">
			<provider copy-of="extension" id="org.eclipse.cdt.ui.UserLanguageSettingsProvider"/>
			<provider-reference id="org.eclipse.cdt.core.ReferencedProjectsLanguageSettingsProvider" ref="shared-provider"/>
			<provider-reference id="org.eclipse.cdt.managedbuilder.core.MBSLanguageSettingsProvider" ref="shared-provider"/>
			<provider-reference id="net.sourceforge.usbdm.cdt.wizard.CS_ARM_BuiltinSpecsDetector" ref="shared-provider"/>
		</extension>
	</configuration>
	<configuration id="net.sourceforge.usbdm.cdt.arm.windows.release.configuration.40214465" name="Release">
		<extension point="org.eclipse.cdt.core.LanguageSettingsProvider">
			<provider copy-of="extension" id="org.eclipse.cdt.ui.UserLanguageSettingsProvider"/>
			<provider-reference id="org.eclipse.cdt.core.ReferencedProjectsLanguageSettingsProvider" ref="shared-provider"/>
			<provider-reference id="org.eclipse.cdt.managedbuilder.core.MBSLanguageSettingsProvider" ref="shared-provider"/>
		</extension>
	</configuration>
</project>
